{
  "docs": [
    {
      "id": "875",
      "name": "Lamp",
      "category": "Kitchen",
      "condition": "New",
      "posted_by": "26872",
      "zipcode": "94805",
      "date_added": 1693267200,
      "age_days": 400,
      "age_years": 1.1,
      "description": "A charming lamp that's been lighting up my reading nook...",
      "image": "/images/lamp.jpeg"
    },
    {
      "id": "396",
      "name": "Curtain",
      "category": "Office",
      "condition": "Older",
      "posted_by": "26872",
      "zipcode": "94504",
      "date_added": 1686960000,
      "age_days": 1073,
      "age_years": 2.94,
      "description": "Elegant, flowy curtains that have graced my living room windows...",
      "image": "/images/curtains1.jpeg"
    },
    {
      "id": "812",
      "name": "Bookshelf",
      "category": "Office",
      "condition": "Like New",
      "posted_by": "26872",
      "zipcode": "94172",
      "date_added": 1692403200,
      "age_days": 1053,
      "age_years": 2.88,
      "description": "This sturdy, well-loved bookshelf has been my literary companion...",
      "image": "/images/bookshelf3.jpeg"
    },
    {
      "id": "386",
      "name": "Curtain",
      "category": "Living",
      "condition": "Older",
      "posted_by": "26872",
      "zipcode": "94450",
      "date_added": 1699315200,
      "age_days": 1719,
      "age_years": 4.71,
      "description": "These curtains have been the backdrop of my study...",
      "image": "/images/curtains2.jpeg"
    },
    {
      "id": "419",
      "name": "Bookshelf",
      "category": "Bedroom",
      "condition": "Older",
      "posted_by": "26872",
      "zipcode": "94500",
      "date_added": 1690675200,
      "age_days": 430,
      "age_years": 1.18,
      "description": "A compact and practical bookshelf that's been a tiny library...",
      "image": "/images/bookshelf1.jpeg"
    },
    {
      "id": "420",
      "name": "Bookshelf",
      "category": "Bedroom",
      "condition": "Older",
      "posted_by": "26872",
      "zipcode": "94500",
      "date_added": 1689379200,
      "age_days": 430,
      "age_years": 1.18,
      "description": "This bookshelf has been a fixture in my home office...",
      "image": "/images/bookshelf2.jpeg"
    },
    {
      "id": "421",
      "name": "Desk Chair",
      "category": "Office Furniture",
      "condition": "Like New",
      "posted_by": "31567",
      "zipcode": "90210",
      "date_added": 1688083200,
      "age_days": 400,
      "age_years": 1.09,
      "description": "This desk chair has been my companion during long work hours...",
      "image": "/images/desk-chair.jpeg"
    },
    {
      "id": "422",
      "name": "Coffee Table",
      "category": "Living Room",
      "condition": "Older",
      "posted_by": "19876",
      "zipcode": "10001",
      "date_added": 1686787200,
      "age_days": 600,
      "age_years": 1.64,
      "description": "This coffee table has served me well, holding countless cups of coffee...",
      "image": "/images/coffee-table.jpeg"
    },
    {
      "id": "423",
      "name": "Laptop Stand",
      "category": "Office",
      "condition": "Like New",
      "posted_by": "14563",
      "zipcode": "30303",
      "date_added": 1685491200,
      "age_days": 200,
      "age_years": 0.55,
      "description": "This laptop stand has been a lifesaver for my posture...",
      "image": "/images/laptop-stand.jpeg"
    },
    {
      "id": "424",
      "name": "Dining Table",
      "category": "Kitchen",
      "condition": "New",
      "posted_by": "23789",
      "zipcode": "94102",
      "date_added": 1684195200,
      "age_days": 800,
      "age_years": 2.19,
      "description": "This dining table has been the centerpiece of many family gatherings...",
      "image": "/images/dining-table.jpeg"
    },
    {
      "id": "425",
      "name": "Couch",
      "category": "Living Room",
      "condition": "Older",
      "posted_by": "17890",
      "zipcode": "90001",
      "date_added": 1682899200,
      "age_days": 1000,
      "age_years": 2.74,
      "description": "This couch has been a cozy spot for movie nights and lazy Sundays...",
      "image": "/images/couch2.jpeg"
    },
    {
      "id": "426",
      "name": "Office Desk",
      "category": "Office",
      "condition": "Older",
      "posted_by": "27654",
      "zipcode": "90211",
      "date_added": 1681603200,
      "age_days": 900,
      "age_years": 2.47,
      "description": "This office desk has been my workspace for years...",
      "image": "/images/office-desk.jpeg"
    },
    {
      "id": "427",
      "name": "TV Stand",
      "category": "Living Room",
      "condition": "Older",
      "posted_by": "31567",
      "zipcode": "90210",
      "date_added": 1680307200,
      "age_days": 700,
      "age_years": 1.92,
      "description": "This TV stand has held my entertainment system with ease...",
      "image": "/images/tv-stand.jpeg"
    },
    {
      "id": "428",
      "name": "Bed Frame",
      "category": "Bedroom",
      "condition": "Older",
      "posted_by": "19876",
      "zipcode": "10001",
      "date_added": 1679011200,
      "age_days": 1200,
      "age_years": 3.29,
      "description": "This bed frame has been a reliable support for many restful nights...",
      "image": "/images/bed-frame.jpeg"
    },
    {
      "id": "429",
      "name": "Side Table",
      "category": "Living Room",
      "condition": "Older",
      "posted_by": "23789",
      "zipcode": "94102",
      "date_added": 1677715200,
      "age_days": 1100,
      "age_years": 3.01,
      "description": "This side table has been a convenient spot for lamps and books...",
      "image": "/images/side-table.jpeg"
    },
    {
      "id": "430",
      "name": "Filing Cabinet",
      "category": "Office",
      "condition": "Older",
      "posted_by": "17890",
      "zipcode": "90001",
      "date_added": 1677715200,
      "age_days": 1300,
      "age_years": 3.56,
      "description": "This filing cabinet has organized many documents over the years...",
      "image": "/images/filing-cabinet.jpeg"
    }
  ]
}
